subject,trial,block,group,corrRT
3101,1,1,0,889
3101,2,1,0,905
3101,3,1,0,873
3101,4,1,0,799
3101,5,1,0,971
3101,6,1,0,734
3101,7,1,0,900
3101,8,1,0,777
3101,9,1,0,778
3101,10,1,0,1229
3101,11,1,0,708
3101,13,1,0,999
3101,14,1,0,1209
3101,15,1,0,856
3101,16,1,0,825
3101,17,1,0,732
3101,18,1,0,1537
3101,19,1,0,866
3101,20,1,0,896
3101,21,1,0,833
3101,22,1,0,831
3101,23,1,0,726
3101,24,1,0,867
3101,25,1,0,1183
3101,26,1,0,1083
3101,27,1,0,1689
3101,28,1,0,883
3101,30,1,0,1702
3101,31,1,0,1957
3101,32,1,0,994.9097222
3101,33,1,0,1178
3101,34,1,0,1529
3101,35,1,0,1576
3101,36,1,0,1567
3101,37,1,0,2149
3101,38,1,0,1248
3101,39,1,0,1049
3101,40,1,0,876
3101,41,1,0,1260
3101,42,1,0,1068
3101,43,1,0,1108
3101,44,1,0,974
3101,45,1,0,1076
3101,46,1,0,1892
3101,47,1,0,848
3101,48,1,0,961
3101,1,2,0,2144
3101,2,2,0,1219
3101,3,2,0,1577
3101,4,2,0,1172
3101,5,2,0,1084
3101,6,2,0,891
3101,7,2,0,1355
3101,8,2,0,1361
3101,9,2,0,831
3101,10,2,0,1164
3101,11,2,0,972
3101,12,2,0,733
3101,13,2,0,995
3101,14,2,0,1221
3101,15,2,0,1105
3101,16,2,0,1110
3101,17,2,0,835
3101,18,2,0,1737
3101,19,2,0,1331
3101,20,2,0,1586
3101,21,2,0,1372
3101,22,2,0,1033
3101,23,2,0,1049
3101,24,2,0,967
3101,25,2,0,1376
3101,26,2,0,880
3101,27,2,0,936
3101,28,2,0,1011
3101,29,2,0,1140
3101,30,2,0,1197
3101,31,2,0,1334
3101,32,2,0,1044
3101,33,2,0,1014
3101,34,2,0,915
3101,35,2,0,654
3101,36,2,0,1292
3101,37,2,0,977
3101,39,2,0,1217
3101,40,2,0,1131
3101,41,2,0,1765
3101,42,2,0,1362
3101,43,2,0,917
3101,44,2,0,1980
3101,45,2,0,976
3101,46,2,0,813
3101,47,2,0,1263
3101,48,2,0,1561
3101,2,3,0,1239
3101,3,3,0,1090
3101,4,3,0,1084
3101,5,3,0,955
3101,6,3,0,801
3101,7,3,0,1281
3101,8,3,0,1033
3101,9,3,0,791
3101,10,3,0,1088
3101,11,3,0,1324
3101,12,3,0,1112
3101,13,3,0,1943
3101,14,3,0,1486
3101,15,3,0,1208
3101,16,3,0,1045
3101,17,3,0,986
3101,18,3,0,1750
3101,19,3,0,742
3101,20,3,0,603
3101,21,3,0,1132
3101,22,3,0,700
3101,23,3,0,997
3101,24,3,0,991
3101,25,3,0,968
3101,26,3,0,770
3101,27,3,0,1266
3101,28,3,0,1075
3101,29,3,0,963
3101,30,3,0,1183
3101,31,3,0,816
3101,32,3,0,616
3101,33,3,0,1057
3101,34,3,0,1131
3101,35,3,0,1389
3101,36,3,0,1577
3101,37,3,0,1121
3101,38,3,0,812
3101,39,3,0,936
3101,40,3,0,880
3101,41,3,0,1360
3101,42,3,0,974
3101,43,3,0,1185
3101,44,3,0,1116
3101,45,3,0,878
3101,46,3,0,1873
3101,48,3,0,942
3101,1,4,0,994.9097222
3101,2,4,0,852
3101,3,4,0,1333
3101,4,4,0,1145
3101,5,4,0,1237
3101,6,4,0,1055
3101,7,4,0,711
3101,8,4,0,1092
3101,9,4,0,1369
3101,10,4,0,766
3101,11,4,0,939
3101,12,4,0,968
3101,13,4,0,2276
3101,14,4,0,1755
3101,15,4,0,942
3101,16,4,0,1361
3101,17,4,0,1122
3101,18,4,0,913
3101,19,4,0,1146
3101,20,4,0,973
3101,21,4,0,1287
3101,22,4,0,1327
3101,23,4,0,1186
3101,24,4,0,1248
3101,25,4,0,2110
3101,26,4,0,1136
3101,27,4,0,1505
3101,28,4,0,1440
3101,29,4,0,1915
3101,30,4,0,934
3101,31,4,0,1125
3101,32,4,0,1203
3101,33,4,0,803
3101,34,4,0,789
3101,35,4,0,1317
3101,36,4,0,1282
3101,37,4,0,1146
3101,38,4,0,877
3101,39,4,0,807
3101,40,4,0,931
3101,41,4,0,1230
3101,42,4,0,2082
3101,43,4,0,1713
3101,44,4,0,1188
3101,45,4,0,1180
3101,46,4,0,1241
3101,47,4,0,1280
3101,48,4,0,997
3101,1,5,0,1619
3101,2,5,0,1170
3101,3,5,0,1012
3101,4,5,0,893
3101,5,5,0,1163
3101,6,5,0,861
3101,9,5,0,2074
3101,10,5,0,1366
3101,11,5,0,1377
3101,12,5,0,1206
3101,13,5,0,1220
3101,15,5,0,884
3101,16,5,0,1174
3101,17,5,0,979
3101,18,5,0,894
3101,19,5,0,785
3101,20,5,0,712
3101,21,5,0,721
3101,22,5,0,929
3101,23,5,0,979
3101,24,5,0,792
3101,25,5,0,963
3101,26,5,0,1469
3101,27,5,0,1354
3101,28,5,0,1109
3101,29,5,0,1553
3101,30,5,0,1045
3101,31,5,0,1016
3101,32,5,0,1303
3101,33,5,0,798
3101,34,5,0,1101
3101,35,5,0,1029
3101,36,5,0,1023
3101,37,5,0,669
3101,38,5,0,1263
3101,39,5,0,913
3101,40,5,0,792
3101,41,5,0,1776
3101,42,5,0,1129
3101,43,5,0,1147
3101,44,5,0,1669
3101,45,5,0,1168
3101,46,5,0,949
3101,47,5,0,831
3101,48,5,0,707
3101,1,6,0,1097
3101,2,6,0,1381
3101,3,6,0,795
3101,4,6,0,1103
3101,5,6,0,1662
3101,6,6,0,1029
3101,7,6,0,771
3101,8,6,0,1566
3101,9,6,0,886
3101,38,6,0,994.9097222
3102,1,1,0,1059
3102,2,1,0,879
3102,3,1,0,752
3102,4,1,0,1234
3102,5,1,0,762
3102,6,1,0,775
3102,7,1,0,723
3102,8,1,0,631
3102,9,1,0,928
3102,10,1,0,829
3102,11,1,0,715
3102,12,1,0,710
3102,13,1,0,893
3102,14,1,0,756
3102,15,1,0,974
3102,16,1,0,754
3102,17,1,0,1182
3102,18,1,0,625
3102,19,1,0,729
3102,20,1,0,834
3102,21,1,0,772
3102,22,1,0,770
3102,23,1,0,843
3102,24,1,0,942
3102,25,1,0,698
3102,26,1,0,852
3102,27,1,0,667
3102,28,1,0,909
3102,29,1,0,646
3102,30,1,0,859
3102,31,1,0,952
3102,32,1,0,1028
3102,33,1,0,806
3102,34,1,0,914
3102,35,1,0,976
3102,36,1,0,876
3102,37,1,0,701
3102,38,1,0,893
3102,39,1,0,854
3102,40,1,0,1080
3102,41,1,0,775
3102,42,1,0,966
3102,43,1,0,795
3102,44,1,0,687
3102,45,1,0,810
3102,46,1,0,774
3102,47,1,0,692
3102,48,1,0,943
3102,1,2,0,1340
3102,2,2,0,1079
3102,3,2,0,911
3102,4,2,0,939
3102,5,2,0,1128
3102,6,2,0,949
3102,7,2,0,1015
3102,8,2,0,888
3102,9,2,0,1298
3102,10,2,0,1413
3102,11,2,0,888
3102,12,2,0,1190
3102,13,2,0,696
3102,14,2,0,569
3102,15,2,0,1038
3102,16,2,0,761
3102,17,2,0,996
3102,18,2,0,836
3102,19,2,0,764
3102,20,2,0,812
3102,21,2,0,624
3102,22,2,0,865
3102,23,2,0,830
3102,24,2,0,722
3102,25,2,0,724
3102,26,2,0,892
3102,27,2,0,1039
3102,28,2,0,847
3102,29,2,0,799
3102,30,2,0,1010
3102,31,2,0,751
3102,32,2,0,774
3102,33,2,0,865.65625
3102,34,2,0,874
3102,35,2,0,672
3102,36,2,0,516
3102,37,2,0,626
3102,38,2,0,844
3102,39,2,0,963
3102,40,2,0,867
3102,41,2,0,842
3102,42,2,0,810
3102,43,2,0,1362
3102,44,2,0,651
3102,45,2,0,697
3102,46,2,0,848
3102,47,2,0,742
3102,48,2,0,771
3102,1,3,0,1024
3102,2,3,0,1389
3102,3,3,0,667
3102,4,3,0,865.65625
3102,5,3,0,790
3102,6,3,0,1292
3102,7,3,0,1020
3102,8,3,0,1321
3102,9,3,0,742
3102,10,3,0,1168
3102,11,3,0,897
3102,12,3,0,1075
3102,13,3,0,1216
3102,14,3,0,746
3102,15,3,0,884
3102,16,3,0,955
3102,17,3,0,795
3102,18,3,0,707
3102,19,3,0,1244
3102,20,3,0,736
3102,21,3,0,784
3102,22,3,0,891
3102,23,3,0,1129
3102,24,3,0,1089
3102,25,3,0,1004
3102,26,3,0,615
3102,27,3,0,859
3102,28,3,0,814
3102,29,3,0,1013
3102,30,3,0,1060
3102,31,3,0,853
3102,32,3,0,956
3102,33,3,0,862
3102,34,3,0,852
3102,35,3,0,757
3102,36,3,0,1070
3102,37,3,0,1064
3102,38,3,0,698
3102,39,3,0,1129
3102,40,3,0,617
3102,41,3,0,863
3102,42,3,0,759
3102,43,3,0,731
3102,44,3,0,815
3102,45,3,0,1196
3102,46,3,0,776
3102,47,3,0,719
3102,48,3,0,778
3102,1,4,0,1527
3102,2,4,0,872
3102,3,4,0,803
3102,4,4,0,811
3102,5,4,0,1393
3102,6,4,0,1267
3102,7,4,0,1010
3102,8,4,0,657
3102,9,4,0,692
3102,10,4,0,1400
3102,11,4,0,905
3102,12,4,0,849
3102,13,4,0,713
3102,14,4,0,865.65625
3102,15,4,0,842
3102,16,4,0,667
3102,17,4,0,865
3102,18,4,0,762
3102,19,4,0,736
3102,20,4,0,671
3102,21,4,0,849
3102,22,4,0,808
3102,23,4,0,920
3102,24,4,0,566
3102,25,4,0,977
3102,26,4,0,593
3102,27,4,0,665
3102,28,4,0,773
3102,29,4,0,971
3102,30,4,0,998
3102,31,4,0,864
3102,32,4,0,615
3102,33,4,0,1111
3102,34,4,0,575
3102,35,4,0,885
3102,36,4,0,697
3102,37,4,0,604
3102,38,4,0,832
3102,39,4,0,589
3102,40,4,0,717
3102,41,4,0,717
3102,42,4,0,811
3102,43,4,0,609
3102,44,4,0,897
3102,45,4,0,655
3102,46,4,0,961
3102,47,4,0,1102
3102,48,4,0,766
3102,1,5,0,865.65625
3102,2,5,0,1085
3102,3,5,0,654
3102,4,5,0,680
3102,5,5,0,940
3102,6,5,0,1293
3102,7,5,0,961
3102,8,5,0,697
3102,9,5,0,749
3102,10,5,0,985
3102,11,5,0,696
3102,12,5,0,635
3102,13,5,0,745
3102,14,5,0,780
3102,15,5,0,936
3102,16,5,0,723
3102,17,5,0,707
3102,18,5,0,712
3102,19,5,0,928
3102,20,5,0,598
3102,21,5,0,926
3102,22,5,0,666
3102,23,5,0,678
3102,24,5,0,658
3102,25,5,0,639
3102,26,5,0,783
3102,27,5,0,787
3102,28,5,0,823
3102,29,5,0,737
3102,30,5,0,795
3102,31,5,0,684
3102,32,5,0,773
3102,33,5,0,795
3102,34,5,0,705
3102,35,5,0,909
3102,36,5,0,624
3102,37,5,0,924
3102,38,5,0,1026
3102,39,5,0,844
3102,40,5,0,854
3102,41,5,0,937
3102,42,5,0,764
3102,43,5,0,693
3102,44,5,0,703
3102,45,5,0,831
3102,46,5,0,914
3102,47,5,0,731
3102,48,5,0,828
3102,1,6,0,860
3102,2,6,0,1063
3102,3,6,0,659
3102,4,6,0,1247
3102,5,6,0,716
3102,6,6,0,624
3102,7,6,0,875
3102,8,6,0,736
3102,9,6,0,755
3102,10,6,0,685
3102,11,6,0,784
3102,12,6,0,865.65625
3102,13,6,0,813
3102,14,6,0,952
3102,15,6,0,1133
3102,16,6,0,722
3102,17,6,0,771
3102,18,6,0,762
3102,19,6,0,624
3102,20,6,0,657
3102,21,6,0,678
3102,22,6,0,811
3102,23,6,0,720
3102,24,6,0,816
3102,25,6,0,757
3102,26,6,0,624
3102,27,6,0,747
3102,28,6,0,1561
3102,29,6,0,724
3102,30,6,0,821
3102,31,6,0,805
3102,32,6,0,668
3102,33,6,0,658
3102,34,6,0,879
3102,35,6,0,736
3102,36,6,0,633
3102,37,6,0,668
3102,38,6,0,901
3102,39,6,0,852
3102,40,6,0,758
3102,41,6,0,791
3102,42,6,0,842
3102,43,6,0,715
3102,44,6,0,687
3102,45,6,0,930
3102,46,6,0,843
3102,47,6,0,732
3102,48,6,0,692
3103,1,1,0,780
3103,2,1,0,851
3103,3,1,0,760
3103,4,1,0,624
3103,5,1,0,995
3103,6,1,0,850
3103,7,1,0,748
3103,8,1,0,969
3103,9,1,0,422
3103,10,1,0,513
3103,11,1,0,969
3103,12,1,0,765
3103,13,1,0,1160
3103,14,1,0,661
3103,15,1,0,790
3103,16,1,0,866
3103,17,1,0,676
3103,18,1,0,611
3103,19,1,0,651
3103,20,1,0,696
3103,21,1,0,607
3103,22,1,0,581
3103,23,1,0,687
3103,24,1,0,569
3103,25,1,0,861
3103,26,1,0,968
3103,27,1,0,953
3103,28,1,0,538
3103,29,1,0,1166
3103,30,1,0,719.4270833
3103,31,1,0,830
3103,32,1,0,727
3103,33,1,0,706
3103,34,1,0,876
3103,35,1,0,634
3103,36,1,0,1074
3103,37,1,0,867
3103,38,1,0,527
3103,39,1,0,502
3103,40,1,0,904
3103,41,1,0,800
3103,42,1,0,570
3103,43,1,0,596
3103,44,1,0,611
3103,45,1,0,465
3103,46,1,0,639
3103,47,1,0,664
3103,48,1,0,945
3103,1,2,0,788
3103,2,2,0,1222
3103,3,2,0,687
3103,4,2,0,765
3103,5,2,0,592
3103,6,2,0,544
3103,7,2,0,816
3103,8,2,0,1209
3103,9,2,0,650
3103,10,2,0,719.4270833
3103,11,2,0,857
3103,12,2,0,511
3103,13,2,0,598
3103,14,2,0,606
3103,15,2,0,402
3103,16,2,0,894
3103,17,2,0,399
3103,18,2,0,677
3103,19,2,0,898
3103,20,2,0,827
3103,21,2,0,1057
3103,22,2,0,753
3103,23,2,0,568
3103,24,2,0,777
3103,25,2,0,642
3103,26,2,0,643
3103,27,2,0,484
3103,28,2,0,722
3103,29,2,0,849
3103,30,2,0,784
3103,31,2,0,787
3103,32,2,0,719.4270833
3103,33,2,0,842
3103,34,2,0,795
3103,35,2,0,1378
3103,36,2,0,532
3103,37,2,0,415
3103,38,2,0,616
3103,39,2,0,369
3103,41,2,0,645
3103,42,2,0,697
3103,43,2,0,966
3103,44,2,0,811
3103,45,2,0,510
3103,46,2,0,721
3103,47,2,0,450
3103,48,2,0,760
3103,1,3,0,619
3103,2,3,0,573
3103,3,3,0,539
3103,4,3,0,552
3103,5,3,0,643
3103,6,3,0,805
3103,7,3,0,731
3103,8,3,0,627
3103,9,3,0,831
3103,10,3,0,1013
3103,11,3,0,932
3103,12,3,0,609
3103,13,3,0,796
3103,14,3,0,556
3103,15,3,0,557
3103,16,3,0,522
3103,17,3,0,916
3103,18,3,0,790
3103,19,3,0,779
3103,20,3,0,660
3103,21,3,0,651
3103,22,3,0,1086
3103,23,3,0,746
3103,24,3,0,1054
3103,25,3,0,887
3103,26,3,0,712
3103,27,3,0,948
3103,28,3,0,989
3103,29,3,0,630
3103,30,3,0,636
3103,31,3,0,540
3103,32,3,0,608
3103,33,3,0,902
3103,34,3,0,480
3103,35,3,0,719.4270833
3103,36,3,0,650
3103,37,3,0,655
3103,38,3,0,757
3103,39,3,0,655
3103,40,3,0,620
3103,41,3,0,586
3103,42,3,0,594
3103,43,3,0,571
3103,44,3,0,588
3103,45,3,0,785
3103,46,3,0,514
3103,47,3,0,585
3103,48,3,0,861
3103,1,4,0,1378
3103,2,4,0,570
3103,3,4,0,788
3103,4,4,0,719.4270833
3103,5,4,0,888
3103,6,4,0,817
3103,7,4,0,599
3103,8,4,0,527
3103,9,4,0,758
3103,10,4,0,661
3103,11,4,0,526
3103,12,4,0,667
3103,13,4,0,463
3103,14,4,0,395
3103,15,4,0,805
3103,16,4,0,884
3103,17,4,0,679
3103,18,4,0,599
3103,19,4,0,542
3103,20,4,0,933
3103,21,4,0,987
3103,22,4,0,801
3103,23,4,0,597
3103,24,4,0,610
3103,25,4,0,909
3103,26,4,0,569
3103,27,4,0,551
3103,28,4,0,626
3103,29,4,0,717
3103,30,4,0,182
3103,31,4,0,791
3103,32,4,0,698
3103,33,4,0,635
3103,34,4,0,587
3103,35,4,0,742
3103,36,4,0,517
3103,37,4,0,491
3103,38,4,0,775
3103,39,4,0,559
3103,40,4,0,517
3103,41,4,0,645
3103,42,4,0,603
3103,43,4,0,691
3103,44,4,0,552
3103,45,4,0,944
3103,46,4,0,970
3103,47,4,0,448
3103,48,4,0,838
3103,1,5,0,856
3103,2,5,0,961
3103,3,5,0,587
3103,4,5,0,747
3103,5,5,0,657
3103,6,5,0,647
3103,7,5,0,593
3103,8,5,0,599
3103,9,5,0,595
3103,10,5,0,991
3103,11,5,0,731
3103,12,5,0,539
3103,13,5,0,810
3103,14,5,0,471
3103,15,5,0,712
3103,16,5,0,811
3103,17,5,0,613
3103,18,5,0,647
3103,19,5,0,896
3103,20,5,0,658
3103,21,5,0,716
3103,22,5,0,473
3103,23,5,0,676
3103,24,5,0,676
3103,25,5,0,890
3103,26,5,0,566
3103,27,5,0,687
3103,28,5,0,440
3103,29,5,0,490
3103,30,5,0,663
3103,31,5,0,782
3103,32,5,0,585
3103,33,5,0,707
3103,34,5,0,997
3103,35,5,0,573
3103,36,5,0,581
3103,37,5,0,583
3103,38,5,0,527
3103,39,5,0,534
3103,40,5,0,526
3103,41,5,0,455
3103,42,5,0,498
3103,43,5,0,660
3103,44,5,0,462
3103,45,5,0,659
3103,46,5,0,634
3103,47,5,0,750
3103,48,5,0,647
3103,1,6,0,1018
3103,2,6,0,679
3103,3,6,0,458
3103,4,6,0,778
3103,5,6,0,737
3103,6,6,0,660
3103,7,6,0,470
3103,8,6,0,621
3103,9,6,0,731
3103,10,6,0,1098
3103,11,6,0,622
3103,12,6,0,640
3103,13,6,0,671
3103,14,6,0,837
3103,15,6,0,746
3103,16,6,0,520
3103,17,6,0,898
3103,18,6,0,513
3103,19,6,0,610
3103,20,6,0,409
3103,21,6,0,538
3103,22,6,0,624
3103,23,6,0,649
3103,24,6,0,744
3103,25,6,0,579
3103,26,6,0,574
3103,27,6,0,843
3103,28,6,0,829
3103,29,6,0,545
3103,30,6,0,529
3103,31,6,0,641
3103,32,6,0,654
3103,33,6,0,693
3103,34,6,0,536
3103,35,6,0,560
3103,36,6,0,773
3103,37,6,0,1057
3103,38,6,0,956
3103,39,6,0,545
3103,40,6,0,596
3103,41,6,0,520
3103,42,6,0,936
3103,43,6,0,713
3103,44,6,0,488
3103,45,6,0,519
3103,46,6,0,764
3103,47,6,0,666
3103,48,6,0,636
3104,1,1,0,475
3104,2,1,0,526
3104,3,1,0,395
3104,4,1,0,415
3104,5,1,0,452
3104,6,1,0,470
3104,7,1,0,370
3104,8,1,0,455
3104,9,1,0,412
3104,10,1,0,375
3104,11,1,0,348
3104,12,1,0,453
3104,13,1,0,368
3104,14,1,0,360
3104,15,1,0,449
3104,17,1,0,448
3104,18,1,0,512
3104,19,1,0,450
3104,20,1,0,457
3104,21,1,0,464
3104,22,1,0,417
3104,23,1,0,486
3104,24,1,0,378
3104,25,1,0,448
3104,26,1,0,447
3104,27,1,0,464
3104,28,1,0,493
3104,29,1,0,360
3104,30,1,0,390
3104,31,1,0,451
3104,32,1,0,442
3104,33,1,0,371
3104,34,1,0,341
3104,35,1,0,374
3104,36,1,0,383
3104,37,1,0,383
3104,38,1,0,350
3104,39,1,0,413
3104,40,1,0,289
3104,41,1,0,420
3104,42,1,0,462
3104,44,1,0,395
3104,45,1,0,425
3104,46,1,0,386
3104,47,1,0,520
3104,48,1,0,543
3104,1,2,0,409
3104,2,2,0,442
3104,3,2,0,426
3104,4,2,0,498
3104,5,2,0,386
3104,6,2,0,449
3104,7,2,0,415.9375
3104,8,2,0,352
3104,9,2,0,401
3104,10,2,0,393
3104,11,2,0,465
3104,12,2,0,361
3104,13,2,0,368
3104,14,2,0,345
3104,15,2,0,368
3104,16,2,0,354
3104,17,2,0,433
3104,18,2,0,320
3104,19,2,0,461
3104,20,2,0,444
3104,21,2,0,418
3104,22,2,0,512
3104,23,2,0,417
3104,24,2,0,423
3104,25,2,0,478
3104,26,2,0,438
3104,27,2,0,372
3104,28,2,0,462
3104,29,2,0,449
3104,30,2,0,434
3104,31,2,0,544
3104,32,2,0,529
3104,33,2,0,404
3104,34,2,0,523
3104,35,2,0,376
3104,36,2,0,449
3104,37,2,0,335
3104,38,2,0,387
3104,39,2,0,355
3104,40,2,0,399
3104,41,2,0,427
3104,42,2,0,355
3104,43,2,0,493
3104,44,2,0,510
3104,45,2,0,334
3104,46,2,0,347
3104,47,2,0,437
3104,48,2,0,383
3104,1,3,0,475
3104,2,3,0,422
3104,3,3,0,366
3104,4,3,0,489
3104,5,3,0,501
3104,6,3,0,423
3104,7,3,0,381
3104,8,3,0,359
3104,9,3,0,399
3104,10,3,0,391
3104,11,3,0,363
3104,13,3,0,420
3104,14,3,0,523
3104,15,3,0,442
3104,16,3,0,434
3104,17,3,0,429
3104,18,3,0,434
3104,19,3,0,399
3104,20,3,0,412
3104,21,3,0,466
3104,22,3,0,377
3104,23,3,0,474
3104,24,3,0,390
3104,25,3,0,436
3104,26,3,0,401
3104,27,3,0,438
3104,28,3,0,372
3104,29,3,0,363
3104,30,3,0,386
3104,31,3,0,403
3104,32,3,0,519
3104,33,3,0,325
3104,34,3,0,335
3104,35,3,0,395
3104,36,3,0,347
3104,37,3,0,378
3104,38,3,0,387
3104,39,3,0,300
3104,40,3,0,445
3104,41,3,0,522
3104,42,3,0,362
3104,43,3,0,386
3104,44,3,0,428
3104,45,3,0,377
3104,47,3,0,415
3104,48,3,0,560
3104,1,4,0,524
3104,2,4,0,397
3104,3,4,0,477
3104,4,4,0,367
3104,5,4,0,427
3104,6,4,0,411
3104,7,4,0,341
3104,8,4,0,474
3104,9,4,0,415.9375
3104,10,4,0,495
3104,11,4,0,437
3104,12,4,0,414
3104,13,4,0,385
3104,14,4,0,395
3104,15,4,0,367
3104,16,4,0,409
3104,17,4,0,440
3104,18,4,0,384
3104,19,4,0,323
3104,20,4,0,484
3104,21,4,0,398
3104,22,4,0,345
3104,23,4,0,388
3104,24,4,0,348
3104,26,4,0,419
3104,27,4,0,415.9375
3104,28,4,0,466
3104,29,4,0,384
3104,30,4,0,424
3104,31,4,0,446
3104,32,4,0,515
3104,33,4,0,409
3104,34,4,0,381
3104,35,4,0,390
3104,36,4,0,480
3104,37,4,0,403
3104,38,4,0,363
3104,39,4,0,391
3104,40,4,0,365
3104,41,4,0,358
3104,42,4,0,435
3104,43,4,0,372
3104,44,4,0,360
3104,45,4,0,407
3104,46,4,0,359
3104,47,4,0,409
3104,48,4,0,459
3104,1,5,0,397
3104,2,5,0,451
3104,3,5,0,414
3104,4,5,0,437
3104,5,5,0,451
3104,6,5,0,369
3104,7,5,0,416
3104,8,5,0,486
3104,9,5,0,395
3104,10,5,0,449
3104,11,5,0,463
3104,12,5,0,512
3104,13,5,0,333
3104,14,5,0,401
3104,15,5,0,431
3104,16,5,0,395
3104,17,5,0,471
3104,18,5,0,374
3104,19,5,0,320
3104,20,5,0,377
3104,22,5,0,373
3104,23,5,0,457
3104,24,5,0,492
3104,25,5,0,401
3104,26,5,0,326
3104,27,5,0,509
3104,28,5,0,366
3104,29,5,0,384
3104,30,5,0,441
3104,31,5,0,382
3104,32,5,0,359
3104,33,5,0,392
3104,34,5,0,390
3104,35,5,0,356
3104,37,5,0,359
3104,38,5,0,388
3104,39,5,0,397
3104,40,5,0,506
3104,41,5,0,461
3104,42,5,0,492
3104,43,5,0,363
3104,44,5,0,384
3104,45,5,0,496
3104,46,5,0,479
3104,47,5,0,426
3104,48,5,0,417
3104,2,6,0,417
3104,3,6,0,338
3104,4,6,0,366
3104,5,6,0,447
3104,6,6,0,365
3104,7,6,0,384
3104,8,6,0,398
3104,9,6,0,481
3104,10,6,0,450
3104,11,6,0,420
3104,12,6,0,432
3104,13,6,0,329
3104,14,6,0,399
3104,15,6,0,383
3104,17,6,0,436
3104,18,6,0,438
3104,19,6,0,454
3104,20,6,0,460
3104,21,6,0,412
3104,22,6,0,519
3104,23,6,0,465
3104,24,6,0,328
3104,25,6,0,413
3104,26,6,0,329
3104,27,6,0,362
3104,28,6,0,283
3104,29,6,0,380
3104,30,6,0,441
3104,31,6,0,453
3104,32,6,0,394
3104,33,6,0,449
3104,34,6,0,366
3104,35,6,0,345
3104,36,6,0,306
3104,37,6,0,401
3104,39,6,0,431
3104,40,6,0,349
3104,41,6,0,541
3104,42,6,0,462
3104,43,6,0,468
3104,44,6,0,457
3104,45,6,0,393
3104,46,6,0,390
3104,47,6,0,445
3104,48,6,0,434
3191,1,1,0,1310
3191,2,1,0,664
3191,3,1,0,769
3191,4,1,0,1359
3191,5,1,0,744
3191,6,1,0,582
3191,7,1,0,638
3191,8,1,0,690
3191,9,1,0,794
3191,10,1,0,856
3191,11,1,0,764
3191,12,1,0,879
3191,13,1,0,698
3191,14,1,0,976
3191,15,1,0,841
3191,16,1,0,865
3191,17,1,0,601
3191,18,1,0,730
3191,19,1,0,626
3191,20,1,0,664
3191,21,1,0,1136
3191,22,1,0,894
3191,23,1,0,891
3191,24,1,0,904
3191,25,1,0,628
3191,26,1,0,543
3191,27,1,0,929
3191,28,1,0,846
3191,29,1,0,733
3191,30,1,0,879
3191,31,1,0,729
3191,32,1,0,673
3191,33,1,0,593
3191,34,1,0,1381
3191,35,1,0,1101
3191,36,1,0,873
3191,37,1,0,687
3191,38,1,0,1344
3191,39,1,0,686
3191,40,1,0,600
3191,41,1,0,681
3191,42,1,0,958
3191,43,1,0,937
3191,44,1,0,1125
3191,45,1,0,1233
3191,46,1,0,809
3191,47,1,0,879
3191,48,1,0,606
3191,1,2,0,867.3923611
3191,2,2,0,1540
3191,3,2,0,1029
3191,4,2,0,666
3191,5,2,0,720
3191,6,2,0,683
3191,7,2,0,754
3191,8,2,0,1291
3191,9,2,0,868
3191,10,2,0,1132
3191,11,2,0,852
3191,12,2,0,893
3191,13,2,0,738
3191,14,2,0,861
3191,15,2,0,574
3191,16,2,0,906
3191,17,2,0,1365
3191,18,2,0,1064
3191,19,2,0,681
3191,20,2,0,848
3191,21,2,0,1098
3191,22,2,0,919
3191,23,2,0,874
3191,24,2,0,1330
3191,25,2,0,951
3191,26,2,0,990
3191,27,2,0,1166
3191,28,2,0,1002
3191,29,2,0,744
3191,30,2,0,1237
3191,31,2,0,864
3191,32,2,0,1204
3191,33,2,0,1006
3191,34,2,0,1236
3191,35,2,0,910
3191,36,2,0,765
3191,37,2,0,1089
3191,38,2,0,825
3191,39,2,0,1127
3191,40,2,0,636
3191,41,2,0,1102
3191,42,2,0,666
3191,43,2,0,636
3191,44,2,0,1138
3191,45,2,0,702
3191,46,2,0,506
3191,47,2,0,747
3191,48,2,0,834
3191,1,3,0,1179
3191,2,3,0,688
3191,3,3,0,1050
3191,4,3,0,1329
3191,5,3,0,1241
3191,6,3,0,1183
3191,7,3,0,816
3191,8,3,0,892
3191,9,3,0,777
3191,10,3,0,688
3191,11,3,0,562
3191,12,3,0,831
3191,13,3,0,857
3191,14,3,0,661
3191,15,3,0,1155
3191,16,3,0,633
3191,17,3,0,674
3191,18,3,0,1027
3191,19,3,0,812
3191,20,3,0,869
3191,22,3,0,1079
3191,23,3,0,737
3191,24,3,0,916
3191,25,3,0,875
3191,26,3,0,813
3191,27,3,0,785
3191,28,3,0,915
3191,29,3,0,867.3923611
3191,30,3,0,759
3191,31,3,0,878
3191,32,3,0,820
3191,33,3,0,698
3191,34,3,0,678
3191,35,3,0,676
3191,36,3,0,852
3191,37,3,0,782
3191,38,3,0,793
3191,39,3,0,905
3191,40,3,0,822
3191,41,3,0,636
3191,42,3,0,913
3191,43,3,0,962
3191,44,3,0,950
3191,45,3,0,654
3191,46,3,0,657
3191,47,3,0,676
3191,48,3,0,606
3191,1,4,0,1511
3191,2,4,0,662
3191,3,4,0,1062
3191,4,4,0,1128
3191,5,4,0,1016
3191,6,4,0,990
3191,7,4,0,851
3191,8,4,0,727
3191,9,4,0,688
3191,10,4,0,752
3191,11,4,0,788
3191,12,4,0,962
3191,13,4,0,1039
3191,14,4,0,1029
3191,15,4,0,704
3191,16,4,0,863
3191,17,4,0,891
3191,18,4,0,663
3191,19,4,0,1367
3191,20,4,0,779
3191,21,4,0,1020
3191,22,4,0,627
3191,23,4,0,633
3191,24,4,0,729
3191,25,4,0,896
3191,26,4,0,746
3191,27,4,0,842
3191,28,4,0,660
3191,29,4,0,867
3191,30,4,0,764
3191,31,4,0,567
3191,32,4,0,707
3191,33,4,0,782
3191,34,4,0,686
3191,35,4,0,633
3191,36,4,0,716
3191,37,4,0,812
3191,38,4,0,666
3191,39,4,0,679
3191,40,4,0,714
3191,41,4,0,916
3191,42,4,0,964
3191,43,4,0,936
3191,44,4,0,1077
3191,45,4,0,601
3191,46,4,0,868
3191,47,4,0,914
3191,48,4,0,814
3191,2,5,0,867.3923611
3191,3,5,0,1027
3191,4,5,0,705
3191,5,5,0,823
3191,6,5,0,621
3191,7,5,0,990
3191,8,5,0,844
3191,9,5,0,918
3191,10,5,0,798
3191,11,5,0,955
3191,12,5,0,1037
3191,13,5,0,768
3191,14,5,0,829
3191,15,5,0,817
3191,16,5,0,668
3191,17,5,0,729
3191,18,5,0,800
3191,19,5,0,755
3191,20,5,0,722
3191,21,5,0,949
3191,22,5,0,865
3191,23,5,0,727
3191,24,5,0,1055
3191,25,5,0,1315
3191,26,5,0,831
3191,27,5,0,1313
3191,28,5,0,1137
3191,29,5,0,798
3191,30,5,0,604
3191,31,5,0,712
3191,32,5,0,551
3191,33,5,0,661
3191,34,5,0,542
3191,35,5,0,599
3191,36,5,0,672
3191,37,5,0,694
3191,38,5,0,1096
3191,39,5,0,668
3191,40,5,0,618
3191,41,5,0,734
3191,42,5,0,545
3191,43,5,0,779
3191,44,5,0,640
3191,45,5,0,902
3191,46,5,0,763
3191,47,5,0,829
3191,48,5,0,863
3191,1,6,0,867.3923611
3191,2,6,0,831
3191,3,6,0,656
3191,4,6,0,666
3191,5,6,0,644
3191,6,6,0,1063
3191,7,6,0,772
3191,8,6,0,1093
3191,9,6,0,752
3191,10,6,0,798
3191,11,6,0,704
3191,12,6,0,828
3191,13,6,0,904
3191,14,6,0,659
3191,15,6,0,999
3191,16,6,0,1048
3191,17,6,0,1128
3191,18,6,0,1460
3191,19,6,0,875
3191,20,6,0,818
3191,21,6,0,804
3191,22,6,0,840
3191,23,6,0,929
3191,24,6,0,720
3191,25,6,0,774
3191,26,6,0,754
3191,27,6,0,659
3191,28,6,0,1151
3191,29,6,0,809
3191,30,6,0,958
3191,31,6,0,1034
3191,32,6,0,991
3191,33,6,0,858
3191,34,6,0,865
3191,35,6,0,733
3191,36,6,0,738
3191,37,6,0,578
3191,38,6,0,865
3191,39,6,0,1220
3191,40,6,0,715
3191,41,6,0,674
3191,42,6,0,815
3191,43,6,0,1031
3191,44,6,0,919
3191,45,6,0,1234
3191,46,6,0,741
3191,47,6,0,807
3191,48,6,0,937
3192,1,1,0,993
3192,2,1,0,827
3192,3,1,0,1072
3192,4,1,0,807
3192,5,1,0,914
3192,6,1,0,986
3192,7,1,0,634
3192,8,1,0,770
3192,9,1,0,885
3192,10,1,0,674
3192,11,1,0,1168
3192,12,1,0,853
3192,13,1,0,787
3192,14,1,0,882
3192,15,1,0,840
3192,16,1,0,817
3192,17,1,0,716
3192,18,1,0,1479
3192,19,1,0,885
3192,20,1,0,1379
3192,21,1,0,1166
3192,22,1,0,994
3192,23,1,0,865
3192,24,1,0,897
3192,25,1,0,871
3192,26,1,0,746
3192,27,1,0,803
3192,28,1,0,980
3192,29,1,0,1270
3192,30,1,0,923
3192,31,1,0,831
3192,32,1,0,956
3192,33,1,0,838
3192,34,1,0,906
3192,35,1,0,979
3192,36,1,0,994
3192,37,1,0,701
3192,38,1,0,981
3192,39,1,0,870
3192,40,1,0,883
3192,41,1,0,738
3192,42,1,0,860
3192,43,1,0,1070
3192,44,1,0,834
3192,45,1,0,685
3192,46,1,0,915
3192,47,1,0,1623
3192,48,1,0,1548
3192,1,2,0,1699
3192,2,2,0,851
3192,3,2,0,644
3192,4,2,0,992
3192,5,2,0,781
3192,6,2,0,711
3192,7,2,0,782
3192,8,2,0,903
3192,9,2,0,951
3192,10,2,0,822
3192,11,2,0,1106
3192,12,2,0,711
3192,13,2,0,1194
3192,14,2,0,1708
3192,15,2,0,819
3192,16,2,0,846
3192,17,2,0,1241
3192,18,2,0,943
3192,19,2,0,1028
3192,20,2,0,1042
3192,21,2,0,1123
3192,22,2,0,918
3192,23,2,0,920
3192,24,2,0,1608
3192,25,2,0,691
3192,26,2,0,1646
3192,27,2,0,811
3192,28,2,0,826
3192,29,2,0,772
3192,30,2,0,1226
3192,31,2,0,759
3192,32,2,0,872
3192,33,2,0,979
3192,34,2,0,1123
3192,35,2,0,1623
3192,36,2,0,834
3192,37,2,0,982
3192,38,2,0,869
3192,39,2,0,949
3192,40,2,0,752
3192,41,2,0,678
3192,42,2,0,707
3192,43,2,0,692
3192,44,2,0,665
3192,45,2,0,672
3192,46,2,0,794
3192,47,2,0,1132
3192,48,2,0,892
3192,2,3,0,758
3192,3,3,0,589
3192,4,3,0,1478
3192,5,3,0,748
3192,6,3,0,792
3192,7,3,0,775
3192,8,3,0,486
3192,10,3,0,598
3192,11,3,0,834
3192,12,3,0,991
3192,13,3,0,1226
3192,14,3,0,791
3192,15,3,0,761
3192,16,3,0,839
3192,17,3,0,1673
3192,18,3,0,1013
3192,19,3,0,838
3192,20,3,0,961
3192,21,3,0,1275
3192,22,3,0,752
3192,23,3,0,914.625
3192,24,3,0,633
3192,25,3,0,675
3192,26,3,0,945
3192,27,3,0,1653
3192,28,3,0,753
3192,29,3,0,753
3192,30,3,0,735
3192,31,3,0,1312
3192,32,3,0,901
3192,33,3,0,849
3192,34,3,0,1057
3192,35,3,0,1027
3192,36,3,0,969
3192,37,3,0,1360
3192,38,3,0,736
3192,39,3,0,708
3192,40,3,0,832
3192,41,3,0,920
3192,42,3,0,1446
3192,43,3,0,1433
3192,44,3,0,1050
3192,45,3,0,1019
3192,46,3,0,1466
3192,47,3,0,1050
3192,48,3,0,766
3192,1,4,0,1160
3192,2,4,0,1649
3192,3,4,0,745
3192,4,4,0,935
3192,5,4,0,780
3192,6,4,0,831
3192,7,4,0,798
3192,8,4,0,1038
3192,9,4,0,615
3192,10,4,0,818
3192,11,4,0,728
3192,12,4,0,1389
3192,13,4,0,656
3192,15,4,0,1193
3192,16,4,0,731
3192,17,4,0,1006
3192,18,4,0,824
3192,19,4,0,921
3192,20,4,0,1055
3192,21,4,0,706
3192,22,4,0,780
3192,23,4,0,843
3192,24,4,0,845
3192,25,4,0,778
3192,26,4,0,747
3192,27,4,0,635
3192,28,4,0,907
3192,29,4,0,828
3192,30,4,0,780
3192,31,4,0,852
3192,32,4,0,1408
3192,33,4,0,951
3192,34,4,0,917
3192,35,4,0,773
3192,36,4,0,773
3192,37,4,0,833
3192,38,4,0,668
3192,39,4,0,837
3192,40,4,0,753
3192,41,4,0,992
3192,42,4,0,649
3192,43,4,0,854
3192,44,4,0,1186
3192,45,4,0,785
3192,46,4,0,1078
3192,47,4,0,819
3192,48,4,0,677
3192,2,5,0,847
3192,3,5,0,1146
3192,4,5,0,838
3192,5,5,0,694
3192,6,5,0,1024
3192,7,5,0,996
3192,8,5,0,892
3192,9,5,0,1011
3192,10,5,0,1125
3192,11,5,0,737
3192,12,5,0,650
3192,13,5,0,788
3192,14,5,0,681
3192,15,5,0,641
3192,16,5,0,825
3192,17,5,0,909
3192,18,5,0,1338
3192,19,5,0,765
3192,20,5,0,689
3192,21,5,0,925
3192,22,5,0,568
3192,23,5,0,646
3192,24,5,0,1340
3192,25,5,0,906
3192,26,5,0,1344
3192,27,5,0,884
3192,28,5,0,1088
3192,29,5,0,908
3192,30,5,0,733
3192,31,5,0,979
3192,32,5,0,798
3192,33,5,0,687
3192,34,5,0,784
3192,35,5,0,1032
3192,36,5,0,740
3192,37,5,0,652
3192,38,5,0,756
3192,39,5,0,735
3192,40,5,0,1087
3192,41,5,0,614
3192,42,5,0,1031
3192,43,5,0,761
3192,44,5,0,689
3192,45,5,0,534
3192,46,5,0,628
3192,47,5,0,996
3192,48,5,0,898
3192,1,6,0,914.625
3192,2,6,0,1014
3192,3,6,0,1255
3192,4,6,0,891
3192,5,6,0,914.625
3192,6,6,0,949
3192,7,6,0,823
3192,8,6,0,831
3192,9,6,0,1494
3192,10,6,0,702
3192,11,6,0,778
3192,12,6,0,914.625
3192,13,6,0,788
3192,14,6,0,773
3192,15,6,0,740
3192,16,6,0,1181
3192,17,6,0,732
3192,18,6,0,784
3192,19,6,0,1048
3192,20,6,0,775
3192,21,6,0,739
3192,22,6,0,656
3192,23,6,0,672
3192,24,6,0,809
3192,25,6,0,839
3192,26,6,0,760
3192,27,6,0,599
3192,28,6,0,1091
3192,29,6,0,931
3192,30,6,0,1045
3192,31,6,0,932
3192,32,6,0,858
3192,33,6,0,1073
3192,34,6,0,798
3192,35,6,0,633
3192,36,6,0,585
3192,37,6,0,771
3192,38,6,0,773
3192,39,6,0,707
3192,40,6,0,575
3192,41,6,0,588
3192,42,6,0,749
3192,43,6,0,617
3192,44,6,0,1137
3192,45,6,0,632
3192,46,6,0,613
3192,47,6,0,617
3192,48,6,0,626
3901,1,1,1,1009
3901,2,1,1,871
3901,3,1,1,830
3901,4,1,1,709
3901,5,1,1,858
3901,6,1,1,768
3901,7,1,1,698
3901,8,1,1,820
3901,9,1,1,759
3901,10,1,1,747
3901,11,1,1,985
3901,12,1,1,829
3901,13,1,1,702
3901,14,1,1,611
3901,15,1,1,853
3901,16,1,1,801
3901,17,1,1,688
3901,18,1,1,873
3901,19,1,1,777
3901,20,1,1,736
3901,21,1,1,773
3901,22,1,1,798
3901,23,1,1,710
3901,24,1,1,864
3901,25,1,1,862
3901,26,1,1,770
3901,27,1,1,860
3901,28,1,1,764
3901,29,1,1,734
3901,30,1,1,755
3901,31,1,1,773
3901,32,1,1,721
3901,33,1,1,775
3901,34,1,1,848
3901,35,1,1,725
3901,36,1,1,825
3901,37,1,1,665
3901,38,1,1,798
3901,39,1,1,674
3901,40,1,1,1081
3901,41,1,1,801
3901,42,1,1,644
3901,43,1,1,761
3901,44,1,1,723
3901,45,1,1,973
3901,46,1,1,759
3901,47,1,1,705
3901,48,1,1,1023
3901,1,2,1,718.1388889
3901,2,2,1,677
3901,3,2,1,716
3901,4,2,1,491
3901,5,2,1,614
3901,6,2,1,1105
3901,7,2,1,751
3901,8,2,1,783
3901,9,2,1,767
3901,10,2,1,742
3901,11,2,1,706
3901,12,2,1,932
3901,13,2,1,692
3901,14,2,1,829
3901,15,2,1,687
3901,16,2,1,625
3901,17,2,1,635
3901,18,2,1,654
3901,19,2,1,645
3901,20,2,1,955
3901,21,2,1,715
3901,22,2,1,868
3901,23,2,1,758
3901,24,2,1,771
3901,25,2,1,755
3901,26,2,1,793
3901,27,2,1,874
3901,28,2,1,869
3901,29,2,1,824
3901,30,2,1,704
3901,31,2,1,640
3901,32,2,1,904
3901,33,2,1,529
3901,34,2,1,696
3901,35,2,1,649
3901,36,2,1,933
3901,37,2,1,832
3901,38,2,1,809
3901,39,2,1,730
3901,40,2,1,620
3901,41,2,1,724
3901,42,2,1,750
3901,43,2,1,865
3901,44,2,1,655
3901,45,2,1,803
3901,46,2,1,532
3901,47,2,1,603
3901,48,2,1,705
3901,1,3,1,733
3901,2,3,1,597
3901,3,3,1,625
3901,4,3,1,697
3901,5,3,1,704
3901,6,3,1,810
3901,7,3,1,664
3901,8,3,1,813
3901,9,3,1,685
3901,10,3,1,815
3901,11,3,1,599
3901,12,3,1,674
3901,13,3,1,954
3901,14,3,1,537
3901,15,3,1,635
3901,16,3,1,1047
3901,17,3,1,586
3901,18,3,1,547
3901,19,3,1,728
3901,20,3,1,584
3901,21,3,1,699
3901,22,3,1,765
3901,23,3,1,762
3901,24,3,1,541
3901,25,3,1,669
3901,26,3,1,642
3901,27,3,1,685
3901,28,3,1,746
3901,29,3,1,726
3901,30,3,1,626
3901,31,3,1,505
3901,32,3,1,596
3901,33,3,1,600
3901,34,3,1,565
3901,35,3,1,733
3901,36,3,1,571
3901,37,3,1,678
3901,38,3,1,635
3901,39,3,1,562
3901,40,3,1,729
3901,41,3,1,723
3901,42,3,1,697
3901,43,3,1,708
3901,44,3,1,679
3901,45,3,1,702
3901,46,3,1,718.1388889
3901,47,3,1,684
3901,48,3,1,728
3901,2,4,1,718.1388889
3901,3,4,1,719
3901,4,4,1,655
3901,5,4,1,639
3901,6,4,1,613
3901,7,4,1,708
3901,8,4,1,672
3901,9,4,1,782
3901,10,4,1,666
3901,11,4,1,753
3901,12,4,1,1015
3901,13,4,1,725
3901,14,4,1,561
3901,15,4,1,821
3901,16,4,1,772
3901,17,4,1,818
3901,18,4,1,705
3901,19,4,1,590
3901,20,4,1,468
3901,21,4,1,730
3901,22,4,1,759
3901,23,4,1,606
3901,24,4,1,762
3901,25,4,1,825
3901,26,4,1,833
3901,27,4,1,792
3901,28,4,1,815
3901,29,4,1,626
3901,30,4,1,725
3901,31,4,1,769
3901,32,4,1,883
3901,33,4,1,616
3901,34,4,1,635
3901,35,4,1,729
3901,36,4,1,621
3901,37,4,1,627
3901,38,4,1,676
3901,39,4,1,571
3901,40,4,1,518
3901,41,4,1,648
3901,42,4,1,850
3901,43,4,1,604
3901,44,4,1,767
3901,45,4,1,697
3901,46,4,1,576
3901,47,4,1,602
3901,48,4,1,660
3901,1,5,1,718.1388889
3901,2,5,1,845
3901,3,5,1,858
3901,4,5,1,823
3901,5,5,1,700
3901,6,5,1,654
3901,7,5,1,756
3901,8,5,1,693
3901,9,5,1,719
3901,10,5,1,633
3901,11,5,1,647
3901,12,5,1,648
3901,13,5,1,741
3901,14,5,1,602
3901,15,5,1,662
3901,16,5,1,820
3901,17,5,1,822
3901,18,5,1,659
3901,19,5,1,648
3901,20,5,1,570
3901,21,5,1,489
3901,22,5,1,584
3901,23,5,1,763
3901,24,5,1,665
3901,25,5,1,685
3901,26,5,1,546
3901,27,5,1,719
3901,28,5,1,711
3901,29,5,1,752
3901,30,5,1,632
3901,31,5,1,597
3901,32,5,1,683
3901,33,5,1,556
3901,34,5,1,653
3901,35,5,1,814
3901,36,5,1,526
3901,37,5,1,527
3901,38,5,1,792
3901,39,5,1,914
3901,40,5,1,671
3901,41,5,1,625
3901,42,5,1,868
3901,43,5,1,718.1388889
3901,44,5,1,682
3901,45,5,1,755
3901,46,5,1,642
3901,47,5,1,640
3901,48,5,1,697
3901,1,6,1,898
3901,2,6,1,811
3901,3,6,1,653
3901,4,6,1,867
3901,5,6,1,848
3901,6,6,1,547
3901,7,6,1,662
3901,8,6,1,713
3901,9,6,1,572
3901,10,6,1,811
3901,11,6,1,584
3901,12,6,1,662
3901,13,6,1,644
3901,14,6,1,538
3901,15,6,1,589
3901,16,6,1,551
3901,17,6,1,454
3901,18,6,1,753
3901,19,6,1,690
3901,20,6,1,612
3901,21,6,1,460
3901,22,6,1,618
3901,23,6,1,772
3901,24,6,1,399
3901,25,6,1,628
3901,26,6,1,674
3901,27,6,1,686
3901,28,6,1,605
3901,29,6,1,727
3901,30,6,1,718.1388889
3901,31,6,1,650
3901,32,6,1,608
3901,33,6,1,713
3901,34,6,1,558
3901,35,6,1,632
3901,36,6,1,738
3901,37,6,1,571
3901,38,6,1,545
3901,39,6,1,611
3901,40,6,1,637
3901,41,6,1,613
3901,42,6,1,597
3901,43,6,1,480
3901,44,6,1,856
3901,45,6,1,581
3901,46,6,1,636
3901,47,6,1,562
3901,48,6,1,564
3902,1,1,1,536.1388889
3902,2,1,1,585
3902,3,1,1,448
3902,4,1,1,695
3902,5,1,1,702
3902,6,1,1,545
3902,7,1,1,897
3902,8,1,1,502
3902,9,1,1,385
3902,10,1,1,437
3902,11,1,1,651
3902,12,1,1,519
3902,13,1,1,452
3902,14,1,1,390
3902,15,1,1,664
3902,16,1,1,640
3902,17,1,1,433
3902,18,1,1,518
3902,19,1,1,495
3902,20,1,1,558
3902,21,1,1,693
3902,22,1,1,707
3902,23,1,1,612
3902,24,1,1,601
3902,25,1,1,502
3902,26,1,1,602
3902,27,1,1,572
3902,28,1,1,460
3902,29,1,1,507
3902,30,1,1,558
3902,31,1,1,532
3902,32,1,1,674
3902,33,1,1,555
3902,34,1,1,544
3902,35,1,1,522
3902,36,1,1,479
3902,37,1,1,564
3902,38,1,1,525
3902,39,1,1,488
3902,40,1,1,571
3902,41,1,1,440
3902,42,1,1,450
3902,43,1,1,468
3902,44,1,1,504
3902,45,1,1,693
3902,46,1,1,494
3902,47,1,1,371
3902,48,1,1,403
3902,1,2,1,558
3902,2,2,1,631
3902,3,2,1,652
3902,4,2,1,392
3902,5,2,1,479
3902,6,2,1,536.1388889
3902,7,2,1,476
3902,8,2,1,392
3902,9,2,1,529
3902,10,2,1,503
3902,11,2,1,706
3902,12,2,1,536.1388889
3902,13,2,1,649
3902,14,2,1,560
3902,15,2,1,616
3902,16,2,1,612
3902,17,2,1,550
3902,18,2,1,670
3902,19,2,1,480
3902,20,2,1,398
3902,21,2,1,629
3902,22,2,1,544
3902,23,2,1,586
3902,24,2,1,372
3902,25,2,1,452
3902,26,2,1,470
3902,27,2,1,569
3902,28,2,1,458
3902,29,2,1,648
3902,31,2,1,569
3902,32,2,1,459
3902,33,2,1,471
3902,34,2,1,440
3902,35,2,1,499
3902,36,2,1,512
3902,37,2,1,824
3902,38,2,1,436
3902,39,2,1,434
3902,40,2,1,415
3902,41,2,1,348
3902,42,2,1,501
3902,43,2,1,666
3902,44,2,1,437
3902,45,2,1,515
3902,46,2,1,765
3902,47,2,1,518
3902,48,2,1,571
3902,1,3,1,551
3902,2,3,1,465
3902,3,3,1,518
3902,4,3,1,416
3902,5,3,1,492
3902,7,3,1,466
3902,8,3,1,477
3902,9,3,1,612
3902,10,3,1,457
3902,11,3,1,505
3902,12,3,1,607
3902,13,3,1,590
3902,14,3,1,445
3902,15,3,1,508
3902,16,3,1,527
3902,17,3,1,498
3902,18,3,1,458
3902,19,3,1,603
3902,20,3,1,455
3902,21,3,1,349
3902,22,3,1,654
3902,23,3,1,367
3902,24,3,1,363
3902,25,3,1,484
3902,26,3,1,641
3902,27,3,1,463
3902,28,3,1,475
3902,29,3,1,496
3902,30,3,1,614
3902,31,3,1,984
3902,32,3,1,366
3902,34,3,1,569
3902,35,3,1,451
3902,36,3,1,674
3902,37,3,1,532
3902,38,3,1,653
3902,39,3,1,600
3902,40,3,1,629
3902,41,3,1,557
3902,42,3,1,475
3902,43,3,1,553
3902,44,3,1,456
3902,45,3,1,504
3902,46,3,1,416
3902,47,3,1,762
3902,48,3,1,614
3902,1,4,1,604
3902,2,4,1,500
3902,3,4,1,626
3902,4,4,1,499
3902,5,4,1,413
3902,6,4,1,586
3902,7,4,1,664
3902,8,4,1,447
3902,9,4,1,530
3902,10,4,1,679
3902,11,4,1,433
3902,12,4,1,452
3902,13,4,1,530
3902,14,4,1,381
3902,15,4,1,663
3902,16,4,1,462
3902,17,4,1,512
3902,18,4,1,672
3902,19,4,1,478
3902,20,4,1,389
3902,21,4,1,380
3902,22,4,1,576
3902,23,4,1,578
3902,24,4,1,422
3902,25,4,1,545
3902,26,4,1,525
3902,27,4,1,621
3902,28,4,1,401
3902,29,4,1,537
3902,30,4,1,823
3902,31,4,1,890
3902,32,4,1,409
3902,33,4,1,455
3902,34,4,1,464
3902,35,4,1,500
3902,36,4,1,887
3902,37,4,1,461
3902,38,4,1,432
3902,39,4,1,350
3902,40,4,1,520
3902,41,4,1,324
3902,42,4,1,348
3902,43,4,1,544
3902,44,4,1,433
3902,45,4,1,380
3902,46,4,1,663
3902,47,4,1,455
3902,1,5,1,536.1388889
3902,2,5,1,994
3902,3,5,1,569
3902,4,5,1,496
3902,5,5,1,394
3902,6,5,1,504
3902,7,5,1,553
3902,8,5,1,494
3902,9,5,1,480
3902,10,5,1,455
3902,11,5,1,440
3902,12,5,1,448
3902,13,5,1,385
3902,14,5,1,362
3902,15,5,1,546
3902,16,5,1,535
3902,17,5,1,382
3902,18,5,1,478
3902,19,5,1,549
3902,20,5,1,561
3902,21,5,1,533
3902,22,5,1,470
3902,23,5,1,602
3902,24,5,1,642
3902,25,5,1,442
3902,26,5,1,633
3902,27,5,1,501
3902,28,5,1,593
3902,29,5,1,396
3902,30,5,1,776
3902,31,5,1,863
3902,32,5,1,526
3902,33,5,1,579
3902,34,5,1,464
3902,35,5,1,562
3902,36,5,1,414
3902,37,5,1,404
3902,38,5,1,554
3902,39,5,1,389
3902,40,5,1,388
3902,41,5,1,440
3902,42,5,1,403
3902,43,5,1,423
3902,44,5,1,378
3902,45,5,1,351
3902,46,5,1,688
3902,47,5,1,444
3902,48,5,1,558
3902,1,6,1,587
3902,2,6,1,523
3902,3,6,1,452
3902,4,6,1,568
3902,5,6,1,403
3902,6,6,1,436
3902,7,6,1,369
3902,8,6,1,628
3902,9,6,1,522
3902,10,6,1,376
3902,11,6,1,495
3902,12,6,1,469
3902,13,6,1,610
3902,14,6,1,487
3902,15,6,1,424
3902,16,6,1,651
3902,17,6,1,570
3902,18,6,1,810
3902,19,6,1,446
3902,20,6,1,623
3902,21,6,1,475
3902,22,6,1,657
3902,23,6,1,377
3902,24,6,1,441
3902,25,6,1,443
3902,26,6,1,391
3902,27,6,1,468
3902,28,6,1,533
3902,29,6,1,335
3902,30,6,1,408
3902,32,6,1,471
3902,33,6,1,588
3902,34,6,1,533
3902,35,6,1,559
3902,36,6,1,614
3902,37,6,1,416
3902,38,6,1,856
3902,39,6,1,433
3902,40,6,1,558
3902,41,6,1,408
3902,42,6,1,510
3902,43,6,1,614
3902,44,6,1,588
3902,45,6,1,536.1388889
3902,46,6,1,409
3902,47,6,1,508
3902,48,6,1,404
3903,1,1,1,589
3903,2,1,1,528
3903,3,1,1,630
3903,4,1,1,449
3903,5,1,1,786
3903,6,1,1,521
3903,7,1,1,500
3903,8,1,1,557
3903,9,1,1,501
3903,10,1,1,652
3903,11,1,1,544
3903,12,1,1,412
3903,13,1,1,449
3903,14,1,1,430
3903,15,1,1,510
3903,16,1,1,829
3903,17,1,1,614
3903,18,1,1,463
3903,19,1,1,564
3903,20,1,1,634
3903,21,1,1,594
3903,22,1,1,488
3903,23,1,1,429
3903,24,1,1,420
3903,25,1,1,405
3903,26,1,1,465
3903,27,1,1,436
3903,28,1,1,421
3903,29,1,1,489
3903,30,1,1,444
3903,31,1,1,465
3903,32,1,1,510
3903,33,1,1,480
3903,34,1,1,420
3903,35,1,1,542
3903,36,1,1,540
3903,37,1,1,534
3903,38,1,1,648
3903,39,1,1,474
3903,40,1,1,588
3903,41,1,1,467
3903,42,1,1,468
3903,43,1,1,462
3903,44,1,1,451
3903,45,1,1,464
3903,46,1,1,494
3903,47,1,1,416
3903,48,1,1,443
3903,1,2,1,475
3903,2,2,1,440
3903,3,2,1,516
3903,4,2,1,545
3903,5,2,1,428
3903,6,2,1,795
3903,7,2,1,398
3903,8,2,1,402
3903,9,2,1,521
3903,10,2,1,406
3903,11,2,1,449
3903,13,2,1,459
3903,14,2,1,523
3903,15,2,1,614
3903,16,2,1,568
3903,17,2,1,651
3903,18,2,1,449
3903,19,2,1,580
3903,20,2,1,545
3903,21,2,1,451
3903,22,2,1,614
3903,23,2,1,642
3903,24,2,1,537
3903,25,2,1,552
3903,26,2,1,447
3903,27,2,1,473
3903,28,2,1,470
3903,29,2,1,530
3903,30,2,1,618
3903,31,2,1,532
3903,32,2,1,580
3903,33,2,1,605
3903,34,2,1,413
3903,35,2,1,582
3903,36,2,1,579
3903,37,2,1,500
3903,38,2,1,526
3903,39,2,1,582
3903,40,2,1,541
3903,41,2,1,496
3903,42,2,1,452
3903,43,2,1,586
3903,44,2,1,601
3903,45,2,1,625
3903,46,2,1,574
3903,47,2,1,651
3903,48,2,1,593
3903,1,3,1,497
3903,2,3,1,546
3903,3,3,1,456
3903,4,3,1,769
3903,5,3,1,444
3903,6,3,1,621
3903,7,3,1,395
3903,8,3,1,622
3903,9,3,1,590
3903,10,3,1,650
3903,11,3,1,585
3903,12,3,1,568
3903,13,3,1,477
3903,14,3,1,494
3903,15,3,1,489
3903,16,3,1,549
3903,17,3,1,537
3903,18,3,1,399
3903,19,3,1,494
3903,20,3,1,459
3903,21,3,1,468
3903,22,3,1,464
3903,23,3,1,456
3903,24,3,1,572
3903,25,3,1,544
3903,26,3,1,585
3903,27,3,1,727
3903,28,3,1,538
3903,29,3,1,503
3903,30,3,1,447
3903,31,3,1,422
3903,32,3,1,493
3903,33,3,1,537
3903,34,3,1,499
3903,35,3,1,386
3903,36,3,1,522
3903,37,3,1,549
3903,38,3,1,448
3903,39,3,1,407
3903,40,3,1,425
3903,41,3,1,371
3903,42,3,1,596
3903,43,3,1,403
3903,44,3,1,584
3903,45,3,1,405
3903,46,3,1,592
3903,47,3,1,622
3903,48,3,1,471
3903,1,4,1,444
3903,2,4,1,579
3903,3,4,1,461
3991,1,1,1,470
3991,2,1,1,626
3991,3,1,1,502
3991,4,1,1,618
3991,5,1,1,540
3991,6,1,1,772
3991,7,1,1,607
3991,8,1,1,687
3991,9,1,1,589
3991,10,1,1,480
3991,11,1,1,622
3991,12,1,1,763
3991,13,1,1,811
3991,14,1,1,649
3991,15,1,1,425
3991,16,1,1,441
3991,17,1,1,509
3991,18,1,1,684
3991,19,1,1,621
3991,20,1,1,742
3991,21,1,1,678
3991,22,1,1,689
3991,23,1,1,617
3991,24,1,1,577
3991,25,1,1,498
3991,26,1,1,794
3991,27,1,1,565
3991,28,1,1,518
3991,29,1,1,788
3991,30,1,1,586
3991,31,1,1,487
3991,32,1,1,653
3991,33,1,1,794
3991,34,1,1,724
3991,35,1,1,725
3991,36,1,1,740
3991,37,1,1,956
3991,38,1,1,445
3991,39,1,1,504
3991,40,1,1,460
3991,41,1,1,668
3991,42,1,1,673
3991,43,1,1,571
3991,44,1,1,466
3991,45,1,1,682
3991,46,1,1,571
3991,47,1,1,589
3991,48,1,1,535
3991,1,2,1,708
3991,2,2,1,642
3991,3,2,1,456
3991,4,2,1,582
3991,5,2,1,637
3991,6,2,1,731
3991,7,2,1,675
3991,8,2,1,548
3991,9,2,1,444
3991,10,2,1,693
3991,11,2,1,821
3991,12,2,1,731
3991,13,2,1,643
3991,14,2,1,615
3991,15,2,1,535
3991,16,2,1,504
3991,17,2,1,565
3991,18,2,1,774
3991,19,2,1,575.3715278
3991,20,2,1,577
3991,21,2,1,468
3991,22,2,1,500
3991,23,2,1,547
3991,24,2,1,510
3991,25,2,1,455
3991,26,2,1,674
3991,27,2,1,538
3991,28,2,1,801
3991,29,2,1,641
3991,30,2,1,640
3991,31,2,1,640
3991,32,2,1,684
3991,33,2,1,474
3991,34,2,1,595
3991,35,2,1,611
3991,36,2,1,494
3991,37,2,1,534
3991,38,2,1,536
3991,39,2,1,535
3991,40,2,1,588
3991,41,2,1,574
3991,42,2,1,743
3991,43,2,1,604
3991,44,2,1,498
3991,45,2,1,628
3991,46,2,1,655
3991,47,2,1,523
3991,48,2,1,673
3991,1,3,1,575.3715278
3991,2,3,1,726
3991,3,3,1,730
3991,4,3,1,585
3991,5,3,1,587
3991,6,3,1,472
3991,7,3,1,508
3991,8,3,1,543
3991,9,3,1,531
3991,10,3,1,474
3991,11,3,1,656
3991,12,3,1,469
3991,13,3,1,590
3991,14,3,1,552
3991,15,3,1,578
3991,16,3,1,507
3991,17,3,1,517
3991,18,3,1,644
3991,19,3,1,521
3991,20,3,1,645
3991,21,3,1,618
3991,22,3,1,575.3715278
3991,23,3,1,602
3991,24,3,1,716
3991,25,3,1,551
3991,26,3,1,518
3991,27,3,1,545
3991,28,3,1,573
3991,29,3,1,552
3991,30,3,1,466
3991,31,3,1,732
3991,32,3,1,476
3991,33,3,1,614
3991,34,3,1,508
3991,35,3,1,840
3991,36,3,1,490
3991,37,3,1,668
3991,38,3,1,681
3991,39,3,1,628
3991,40,3,1,575.3715278
3991,41,3,1,475
3991,42,3,1,722
3991,43,3,1,554
3991,44,3,1,459
3991,45,3,1,595
3991,46,3,1,629
3991,47,3,1,584
3991,48,3,1,525
3991,1,4,1,802
3991,2,4,1,533
3991,3,4,1,727
3991,4,4,1,664
3991,5,4,1,521
3991,6,4,1,765
3991,7,4,1,543
3991,8,4,1,791
3991,9,4,1,577
3991,10,4,1,508
3991,11,4,1,569
3991,12,4,1,481
3991,13,4,1,594
3991,14,4,1,679
3991,15,4,1,522
3991,16,4,1,532
3991,17,4,1,519
3991,18,4,1,519
3991,19,4,1,741
3991,20,4,1,598
3991,21,4,1,575.3715278
3991,22,4,1,622
3991,23,4,1,575
3991,24,4,1,473
3991,25,4,1,521
3991,26,4,1,701
3991,27,4,1,538
3991,28,4,1,511
3991,29,4,1,541
3991,30,4,1,692
3991,31,4,1,443
3991,32,4,1,596
3991,33,4,1,619
3991,34,4,1,595
3991,35,4,1,714
3991,36,4,1,422
3991,37,4,1,563
3991,38,4,1,464
3991,39,4,1,494
3991,40,4,1,716
3991,41,4,1,561
3991,42,4,1,475
3991,43,4,1,576
3991,44,4,1,461
3991,45,4,1,456
3991,46,4,1,514
3991,47,4,1,518
3991,48,4,1,618
3991,1,5,1,691
3991,2,5,1,466
3991,3,5,1,498
3991,4,5,1,481
3991,5,5,1,480
3991,6,5,1,443
3991,7,5,1,615
3991,8,5,1,635
3991,9,5,1,510
3991,10,5,1,439
3991,11,5,1,619
3991,12,5,1,602
3991,13,5,1,481
3991,14,5,1,488
3991,15,5,1,692
3991,16,5,1,412
3991,17,5,1,496
3991,18,5,1,433
3991,19,5,1,437
3991,20,5,1,458
3991,21,5,1,559
3991,22,5,1,640
3991,23,5,1,519
3991,24,5,1,667
3991,25,5,1,667
3991,26,5,1,688
3991,27,5,1,494
3991,28,5,1,601
3991,29,5,1,512
3991,30,5,1,446
3991,31,5,1,419
3991,32,5,1,517
3991,33,5,1,517
3991,34,5,1,616
3991,35,5,1,533
3991,36,5,1,561
3991,37,5,1,750
3991,38,5,1,570
3991,39,5,1,594
3991,40,5,1,585
3991,41,5,1,427
3991,42,5,1,402
3991,43,5,1,425
3991,44,5,1,404
3991,45,5,1,499
3991,46,5,1,461
3991,47,5,1,472
3991,48,5,1,471
3991,1,6,1,655
3991,2,6,1,675
3991,3,6,1,514
3991,4,6,1,447
3991,5,6,1,534
3991,6,6,1,627
3991,7,6,1,529
3991,8,6,1,475
3991,9,6,1,504
3991,10,6,1,513
3991,11,6,1,513
3991,12,6,1,376
3991,13,6,1,441
3991,14,6,1,520
3991,15,6,1,520
3991,16,6,1,475
3991,17,6,1,521
3991,18,6,1,419
3991,19,6,1,510
3991,20,6,1,518
3991,21,6,1,426
3991,22,6,1,534
3991,23,6,1,469
3991,24,6,1,559
3991,25,6,1,381
3991,26,6,1,488
3991,27,6,1,406
3991,28,6,1,482
3991,29,6,1,467
3991,30,6,1,445
3991,31,6,1,418
3991,32,6,1,379
3991,33,6,1,476
3991,34,6,1,492
3991,35,6,1,453
3991,36,6,1,465
3991,37,6,1,485
3991,38,6,1,425
3991,39,6,1,483
3991,40,6,1,350
3991,41,6,1,530
3991,42,6,1,420
3991,43,6,1,539
3991,44,6,1,484
3991,45,6,1,447
3991,46,6,1,401
3991,47,6,1,478
3991,48,6,1,450
3992,1,1,1,588
3992,2,1,1,666
3992,3,1,1,608
3992,4,1,1,531
3992,5,1,1,566
3992,6,1,1,544
3992,7,1,1,509
3992,8,1,1,416
3992,9,1,1,495
3992,10,1,1,537
3992,11,1,1,502
3992,12,1,1,551
3992,13,1,1,496
3992,14,1,1,538
3992,15,1,1,471
3992,16,1,1,604
3992,17,1,1,639
3992,18,1,1,519
3992,19,1,1,568
3992,20,1,1,471
3992,21,1,1,382
3992,22,1,1,420
3992,23,1,1,535
3992,24,1,1,426
3992,25,1,1,479
3992,26,1,1,445
3992,27,1,1,430
3992,28,1,1,632
3992,29,1,1,515
3992,30,1,1,635
3992,31,1,1,402
3992,32,1,1,440
3992,33,1,1,543
3992,34,1,1,720
3992,35,1,1,585
3992,36,1,1,553
3992,37,1,1,554
3992,38,1,1,547
3992,39,1,1,475
3992,40,1,1,502
3992,41,1,1,617
3992,42,1,1,552
3992,43,1,1,508
3992,44,1,1,484
3992,45,1,1,453
3992,46,1,1,518
3992,47,1,1,451
3992,48,1,1,549
3992,1,2,1,557
3992,2,2,1,654
3992,3,2,1,596
3992,4,2,1,594
3992,5,2,1,697
3992,6,2,1,605
3992,7,2,1,629
3992,8,2,1,545
3992,9,2,1,582
3992,10,2,1,685
3992,11,2,1,602
3992,12,2,1,727
3992,13,2,1,653
3992,14,2,1,607
3992,15,2,1,676
3992,16,2,1,475
3992,17,2,1,400
3992,18,2,1,413
3992,19,2,1,757
3992,20,2,1,562
3992,21,2,1,551
3992,22,2,1,580
3992,23,2,1,489
3992,25,2,1,566
3992,26,2,1,693
3992,27,2,1,512
3992,28,2,1,518
3992,29,2,1,579
3992,30,2,1,589
3992,31,2,1,532
3992,32,2,1,420
3992,33,2,1,598
3992,34,2,1,540.7013889
3992,35,2,1,538
3992,36,2,1,428
3992,37,2,1,528
3992,38,2,1,505
3992,39,2,1,532
3992,40,2,1,726
3992,41,2,1,682
3992,42,2,1,524
3992,43,2,1,658
3992,44,2,1,529
3992,45,2,1,694
3992,46,2,1,573
3992,47,2,1,553
3992,48,2,1,669
3992,1,3,1,425
3992,2,3,1,459
3992,3,3,1,630
3992,4,3,1,449
3992,5,3,1,622
3992,6,3,1,558
3992,7,3,1,515
3992,8,3,1,719
3992,9,3,1,406
3992,10,3,1,589
3992,11,3,1,478
3992,12,3,1,357
3992,13,3,1,632
3992,14,3,1,421
3992,15,3,1,606
3992,16,3,1,517
3992,17,3,1,481
3992,18,3,1,515
3992,19,3,1,562
3992,20,3,1,440
3992,21,3,1,472
3992,22,3,1,484
3992,23,3,1,475
3992,24,3,1,450
3992,25,3,1,517
3992,26,3,1,494
3992,27,3,1,551
3992,28,3,1,462
3992,29,3,1,638
3992,30,3,1,593
3992,31,3,1,453
3992,32,3,1,484
3992,33,3,1,498
3992,34,3,1,524
3992,35,3,1,691
3992,36,3,1,548
3992,37,3,1,500
3992,38,3,1,406
3992,39,3,1,448
3992,40,3,1,528
3992,42,3,1,749
3992,43,3,1,678
3992,44,3,1,539
3992,45,3,1,552
3992,46,3,1,600
3992,47,3,1,512
3992,48,3,1,600
3992,1,4,1,417
3992,2,4,1,654
3992,3,4,1,580
3992,4,4,1,517
3992,5,4,1,515
3992,6,4,1,472
3992,7,4,1,647
3992,8,4,1,698
3992,9,4,1,436
3992,10,4,1,735
3992,11,4,1,697
3992,12,4,1,540.7013889
3992,13,4,1,592
3992,14,4,1,492
3992,15,4,1,416
3992,16,4,1,402
3992,17,4,1,473
3992,18,4,1,550
3992,19,4,1,632
3992,20,4,1,540.7013889
3992,21,4,1,545
3992,22,4,1,670
3992,23,4,1,409
3992,24,4,1,397
3992,25,4,1,464
3992,26,4,1,424
3992,27,4,1,480
3992,28,4,1,551
3992,29,4,1,648
3992,30,4,1,593
3992,31,4,1,480
3992,32,4,1,573
3992,33,4,1,776
3992,34,4,1,538
3992,35,4,1,512
3992,36,4,1,560
3992,37,4,1,632
3992,38,4,1,493
3992,39,4,1,549
3992,40,4,1,404
3992,41,4,1,407
3992,42,4,1,411
3992,43,4,1,540
3992,44,4,1,611
3992,45,4,1,446
3992,46,4,1,478
3992,47,4,1,517
3992,48,4,1,485
3992,1,5,1,434
3992,2,5,1,449
3992,3,5,1,445
3992,4,5,1,506
3992,5,5,1,516
3992,6,5,1,503
3992,7,5,1,673
3992,8,5,1,366
3992,9,5,1,524
3992,10,5,1,701
3992,11,5,1,709
3992,12,5,1,429
3992,13,5,1,665
3992,14,5,1,439
3992,15,5,1,420
3992,16,5,1,505
3992,17,5,1,508
3992,18,5,1,497
3992,19,5,1,606
3992,20,5,1,535
3992,21,5,1,488
3992,22,5,1,538
3992,23,5,1,719
3992,24,5,1,477
3992,25,5,1,456
3992,26,5,1,390
3992,27,5,1,482
3992,28,5,1,536
3992,29,5,1,434
3992,30,5,1,492
3992,31,5,1,501
3992,32,5,1,612
3992,33,5,1,404
3992,34,5,1,479
3992,35,5,1,607
3992,36,5,1,546
3992,37,5,1,430
3992,38,5,1,511
3992,39,5,1,428
3992,40,5,1,492
3992,41,5,1,509
3992,42,5,1,515
3992,43,5,1,541
3992,44,5,1,411
3992,45,5,1,614
3992,46,5,1,528
3992,47,5,1,615
3992,48,5,1,454
3992,1,6,1,635
3992,2,6,1,692
3992,3,6,1,545
3992,4,6,1,586
3992,5,6,1,554
3992,6,6,1,458
3992,7,6,1,534
3992,8,6,1,540
3992,9,6,1,483
3992,10,6,1,492
3992,11,6,1,411
3992,12,6,1,638
3992,13,6,1,442
3992,15,6,1,517
3992,16,6,1,523
3992,17,6,1,584
3992,18,6,1,594
3992,19,6,1,534
3992,20,6,1,609
3992,21,6,1,530
3992,22,6,1,565
3992,23,6,1,540.7013889
3992,24,6,1,694
3992,25,6,1,510
3992,26,6,1,388
3992,27,6,1,444
3992,28,6,1,718
3992,29,6,1,429
3992,30,6,1,524
3992,31,6,1,452
3992,32,6,1,470
3992,33,6,1,644
3992,34,6,1,434
3992,35,6,1,624
3992,36,6,1,466
3992,38,6,1,536
3992,39,6,1,523
3992,40,6,1,488
3992,41,6,1,588
3992,42,6,1,520
3992,43,6,1,499
3992,44,6,1,554
3992,45,6,1,722
3992,46,6,1,533
3992,47,6,1,675
3992,48,6,1,516
3993,1,1,1,554
3993,2,1,1,589
3993,3,1,1,558
3993,4,1,1,581
3993,5,1,1,495
3993,6,1,1,480
3993,7,1,1,497
3993,8,1,1,530
3993,9,1,1,615
3993,10,1,1,558
3993,11,1,1,799
3993,12,1,1,490
3993,13,1,1,511
3993,14,1,1,459
3993,15,1,1,631
3993,16,1,1,501
3993,17,1,1,503
3993,18,1,1,729
3993,19,1,1,465
3993,20,1,1,520
3993,21,1,1,561
3993,22,1,1,522
3993,23,1,1,537
3993,24,1,1,694
3993,25,1,1,572
3993,26,1,1,434
3993,27,1,1,549
3993,28,1,1,500
3993,29,1,1,481
3993,30,1,1,335
3993,31,1,1,454
3993,32,1,1,416
3993,33,1,1,483
3993,34,1,1,582
3993,35,1,1,711
3993,36,1,1,420
3993,37,1,1,514
3993,38,1,1,597
3993,39,1,1,421
3993,40,1,1,544
3993,41,1,1,515
3993,42,1,1,685
3993,43,1,1,534.3125
3993,44,1,1,772
3993,45,1,1,421
3993,46,1,1,688
3993,47,1,1,402
3993,48,1,1,751
3993,1,2,1,502
3993,2,2,1,678
3993,3,2,1,478
3993,4,2,1,704
3993,5,2,1,614
3993,6,2,1,512
3993,7,2,1,819
3993,8,2,1,693
3993,9,2,1,450
3993,10,2,1,545
3993,11,2,1,501
3993,12,2,1,713
3993,13,2,1,582
3993,14,2,1,635
3993,15,2,1,534.3125
3993,16,2,1,516
3993,17,2,1,522
3993,18,2,1,590
3993,19,2,1,571
3993,20,2,1,507
3993,21,2,1,452
3993,22,2,1,491
3993,23,2,1,595
3993,24,2,1,717
3993,25,2,1,469
3993,26,2,1,669
3993,27,2,1,493
3993,28,2,1,571
3993,29,2,1,535
3993,30,2,1,580
3993,31,2,1,535
3993,32,2,1,591
3993,33,2,1,458
3993,34,2,1,486
3993,35,2,1,527
3993,36,2,1,721
3993,37,2,1,496
3993,38,2,1,509
3993,39,2,1,594
3993,40,2,1,523
3993,41,2,1,517
3993,42,2,1,504
3993,43,2,1,489
3993,44,2,1,506
3993,45,2,1,487
3993,46,2,1,572
3993,47,2,1,489
3993,48,2,1,623
3993,1,3,1,790
3993,2,3,1,726
3993,3,3,1,461
3993,4,3,1,541
3993,5,3,1,564
3993,6,3,1,401
3993,7,3,1,449
3993,8,3,1,566
3993,9,3,1,735
3993,10,3,1,820
3993,11,3,1,518
3993,12,3,1,622
3993,13,3,1,613
3993,14,3,1,512
3993,15,3,1,443
3993,16,3,1,550
3993,17,3,1,427
3993,18,3,1,423
3993,19,3,1,779
3993,20,3,1,472
3993,21,3,1,464
3993,22,3,1,428
3993,23,3,1,459
3993,24,3,1,534.3125
3993,25,3,1,445
3993,26,3,1,418
3993,27,3,1,454
3993,28,3,1,731
3993,29,3,1,558
3993,30,3,1,564
3993,31,3,1,764
3993,32,3,1,465
3993,33,3,1,481
3993,34,3,1,525
3993,35,3,1,523
3993,36,3,1,448
3993,37,3,1,469
3993,38,3,1,631
3993,39,3,1,422
3993,40,3,1,496
3993,41,3,1,642
3993,42,3,1,515
3993,43,3,1,507
3993,44,3,1,632
3993,45,3,1,520
3993,46,3,1,444
3993,47,3,1,443
3993,48,3,1,484
3993,1,4,1,714
3993,2,4,1,499
3993,3,4,1,447
3993,4,4,1,515
3993,5,4,1,419
3993,6,4,1,384
3993,7,4,1,549
3993,8,4,1,485
3993,9,4,1,450
3993,10,4,1,428
3993,11,4,1,392
3993,12,4,1,502
3993,13,4,1,451
3993,14,4,1,483
3993,15,4,1,582
3993,16,4,1,456
3993,17,4,1,618
3993,18,4,1,458
3993,19,4,1,493
3993,20,4,1,472
3993,21,4,1,555
3993,22,4,1,460
3993,23,4,1,599
3993,24,4,1,491
3993,25,4,1,537
3993,26,4,1,517
3993,27,4,1,435
3993,28,4,1,507
3993,29,4,1,508
3993,30,4,1,394
3993,31,4,1,369
3993,32,4,1,466
3993,33,4,1,376
3993,34,4,1,380
3993,35,4,1,479
3993,36,4,1,661
3993,37,4,1,464
3993,38,4,1,464
3993,39,4,1,602
3993,40,4,1,386
3993,41,4,1,426
3993,42,4,1,606
3993,43,4,1,511
3993,44,4,1,562
3993,45,4,1,498
3993,46,4,1,515
3993,47,4,1,493
3993,48,4,1,627
3993,1,5,1,722
3993,2,5,1,441
3993,3,5,1,467
3993,4,5,1,385
3993,5,5,1,500
3993,6,5,1,565
3993,7,5,1,389
3993,8,5,1,395
3993,9,5,1,465
3993,10,5,1,452
3993,11,5,1,440
3993,12,5,1,445
3993,13,5,1,434
3993,14,5,1,501
3993,15,5,1,439
3993,16,5,1,468
3993,17,5,1,505
3993,18,5,1,562
3993,19,5,1,591
3993,21,5,1,801
3993,22,5,1,480
3993,23,5,1,558
3993,24,5,1,575
3993,25,5,1,469
3993,26,5,1,437
3993,27,5,1,601
3993,28,5,1,434
3993,29,5,1,420
3993,30,5,1,763
3993,31,5,1,479
3993,32,5,1,426
3993,33,5,1,559
3993,34,5,1,433
3993,35,5,1,745
3993,36,5,1,438
3993,37,5,1,825
3993,38,5,1,483
3993,39,5,1,578
3993,40,5,1,507
3993,41,5,1,504
3993,42,5,1,452
3993,43,5,1,550
3993,44,5,1,663
3993,45,5,1,505
3993,46,5,1,403
3993,47,5,1,665
3993,48,5,1,450
3993,1,6,1,549
3993,2,6,1,490
3993,3,6,1,672
3993,4,6,1,786
3993,5,6,1,544
3993,6,6,1,453
3993,7,6,1,477
3993,8,6,1,431
3993,9,6,1,578
3993,10,6,1,545
3993,11,6,1,457
3993,12,6,1,489
3993,13,6,1,408
3993,14,6,1,431
3993,15,6,1,473
3993,16,6,1,504
3993,17,6,1,394
3993,18,6,1,460
3993,19,6,1,503
3993,20,6,1,373
3993,21,6,1,353
3993,22,6,1,365
3993,23,6,1,422
3993,24,6,1,471
3993,26,6,1,550
3993,27,6,1,527
3993,28,6,1,719
3993,29,6,1,565
3993,30,6,1,686
3993,31,6,1,546
3993,32,6,1,543
3993,33,6,1,524
3993,34,6,1,747
3993,35,6,1,818
3993,36,6,1,539
3993,37,6,1,625
3993,38,6,1,437
3993,39,6,1,778
3993,40,6,1,555
3993,41,6,1,516
3993,42,6,1,503
3993,43,6,1,538
3993,44,6,1,482
3993,45,6,1,444
3993,46,6,1,647
3993,47,6,1,472
3993,48,6,1,516
3994,1,1,1,1125
3994,2,1,1,953
3994,3,1,1,1123
3994,4,1,1,1068
3994,5,1,1,1063
3994,6,1,1,1361
3994,7,1,1,1028
3994,8,1,1,1214
3994,9,1,1,1302
3994,10,1,1,1234
3994,11,1,1,1178
3994,12,1,1,1182
3994,13,1,1,1178
3994,14,1,1,1000
3994,15,1,1,1515
3994,16,1,1,1090
3994,17,1,1,1309
3994,18,1,1,1537
3994,19,1,1,1036
3994,20,1,1,1301
3994,21,1,1,974
3994,22,1,1,1586
3994,23,1,1,1122
3994,24,1,1,1153
3994,25,1,1,1108
3994,26,1,1,1275
3994,27,1,1,1086
3994,28,1,1,1046
3994,29,1,1,960
3994,30,1,1,1175
3994,31,1,1,1110
3994,32,1,1,1046
3994,33,1,1,929
3994,34,1,1,1041
3994,35,1,1,1177
3994,36,1,1,1093
3994,37,1,1,1064.670139
3994,38,1,1,850
3994,39,1,1,1145
3994,40,1,1,1089
3994,41,1,1,990
3994,42,1,1,896
3994,43,1,1,1023
3994,44,1,1,1422
3994,45,1,1,1203
3994,46,1,1,974
3994,47,1,1,1064.670139
3994,48,1,1,1187
3994,1,2,1,1300
3994,2,2,1,994
3994,3,2,1,848
3994,4,2,1,1113
3994,5,2,1,1198
3994,6,2,1,957
3994,7,2,1,1095
3994,8,2,1,957
3994,9,2,1,1066
3994,10,2,1,1357
3994,11,2,1,1215
3994,12,2,1,1290
3994,13,2,1,1104
3994,14,2,1,1066
3994,15,2,1,1112
3994,16,2,1,1337
3994,17,2,1,1344
3994,18,2,1,1109
3994,19,2,1,1049
3994,20,2,1,1048
3994,21,2,1,959
3994,22,2,1,1108
3994,23,2,1,1230
3994,24,2,1,1225
3994,25,2,1,1138
3994,26,2,1,1081
3994,27,2,1,1019
3994,28,2,1,1036
3994,29,2,1,1209
3994,30,2,1,1084
3994,31,2,1,938
3994,32,2,1,1015
3994,33,2,1,1084
3994,34,2,1,1029
3994,35,2,1,959
3994,36,2,1,989
3994,37,2,1,1174
3994,38,2,1,995
3994,39,2,1,1003
3994,40,2,1,1293
3994,41,2,1,1078
3994,42,2,1,1021
3994,43,2,1,1037
3994,44,2,1,1054
3994,45,2,1,1160
3994,46,2,1,960
3994,47,2,1,1200
3994,48,2,1,1001
3994,1,3,1,1020
3994,2,3,1,991
3994,3,3,1,899
3994,4,3,1,1039
3994,5,3,1,1064.670139
3994,6,3,1,931
3994,7,3,1,1075
3994,8,3,1,1019
3994,9,3,1,966
3994,10,3,1,1020
3994,11,3,1,1021
3994,12,3,1,1051
3994,13,3,1,1055
3994,14,3,1,866
3994,15,3,1,1277
3994,16,3,1,1035
3994,17,3,1,1084
3994,18,3,1,1042
3994,19,3,1,884
3994,20,3,1,780
3994,21,3,1,953
3994,22,3,1,774
3994,23,3,1,1002
3994,24,3,1,1175
3994,25,3,1,980
3994,26,3,1,1023
3994,27,3,1,1049
3994,28,3,1,921
3994,29,3,1,996
3994,30,3,1,911
3994,31,3,1,1120
3994,32,3,1,955
3994,33,3,1,944
3994,34,3,1,1036
3994,35,3,1,796
3994,36,3,1,1087
3994,37,3,1,1034
3994,38,3,1,1079
3994,39,3,1,932
3994,40,3,1,1017
3994,41,3,1,885
3994,42,3,1,865
3994,43,3,1,1042
3994,44,3,1,844
3994,45,3,1,906
3994,46,3,1,804
3994,47,3,1,952
3994,48,3,1,1075
3994,1,4,1,1201
3994,2,4,1,899
3994,3,4,1,979
3994,4,4,1,936
3994,5,4,1,858
3994,6,4,1,862
3994,7,4,1,863
3994,8,4,1,980
3994,9,4,1,819
3994,10,4,1,1288
3994,11,4,1,1211
3994,12,4,1,913
3994,13,4,1,1280
3994,14,4,1,938
3994,15,4,1,872
3994,16,4,1,841
3994,17,4,1,985
3994,18,4,1,871
3994,19,4,1,956
3994,20,4,1,827
3994,21,4,1,784
3994,22,4,1,805
3994,23,4,1,1040
3994,24,4,1,870
3994,25,4,1,858
3994,26,4,1,1064.670139
3994,27,4,1,950
3994,28,4,1,1140
3994,29,4,1,863
3994,30,4,1,1072
3994,31,4,1,986
3994,32,4,1,825
3994,33,4,1,928
3994,34,4,1,1075
3994,35,4,1,963
3994,36,4,1,1503
3994,37,4,1,870
3994,38,4,1,945
3994,39,4,1,876
3994,40,4,1,1172
3994,41,4,1,1102
3994,42,4,1,1383
3994,43,4,1,1002
3994,44,4,1,700
3994,45,4,1,1083
3994,46,4,1,1101
3994,47,4,1,887
3994,48,4,1,885
3994,1,5,1,1085
3994,2,5,1,960
3994,3,5,1,819
3994,4,5,1,1094
3994,5,5,1,877
3994,6,5,1,946
3994,7,5,1,955
3994,8,5,1,891
3994,9,5,1,878
3994,10,5,1,964
3994,11,5,1,1143
3994,12,5,1,1075
3994,13,5,1,869
3994,14,5,1,949
3994,15,5,1,972
3994,16,5,1,1566
3994,17,5,1,917
3994,18,5,1,957
3994,19,5,1,882
3994,20,5,1,1255
3994,21,5,1,1044
3994,22,5,1,1026
3994,23,5,1,1543
3994,24,5,1,1240
3994,25,5,1,1232
3994,26,5,1,1088
3994,27,5,1,1006
3994,28,5,1,1073
3994,29,5,1,1077
3994,30,5,1,1283
3994,31,5,1,1102
3994,32,5,1,1071
3994,33,5,1,1033
3994,34,5,1,1149
3994,35,5,1,1040
3994,36,5,1,1048
3994,37,5,1,991
3994,38,5,1,1039
3994,39,5,1,1083
3994,40,5,1,1158
3994,41,5,1,952
3994,42,5,1,1027
3994,43,5,1,1469
3994,44,5,1,1125
3994,45,5,1,1139
3994,46,5,1,1123
3994,47,5,1,940
3994,48,5,1,937
3994,1,6,1,1064.670139
3994,2,6,1,913
3994,3,6,1,1018
3994,4,6,1,1057
3994,5,6,1,952
3994,6,6,1,1492
3994,7,6,1,921
3994,8,6,1,997
3994,9,6,1,803
3994,10,6,1,870
3994,11,6,1,1069
3994,12,6,1,927
3994,13,6,1,1029
3994,14,6,1,897
3994,15,6,1,895
3994,16,6,1,957
3994,17,6,1,914
3994,18,6,1,1309
3994,19,6,1,1086
3994,20,6,1,1113
3994,21,6,1,1095
3994,22,6,1,878
3994,23,6,1,1223
3994,24,6,1,1104
3994,25,6,1,1198
3994,26,6,1,1070
3994,27,6,1,1236
3994,28,6,1,1018
3994,29,6,1,887
3994,30,6,1,1017
3994,31,6,1,1093
3994,32,6,1,1190
3994,33,6,1,1040
3994,34,6,1,1064.670139
3994,35,6,1,1042
3994,36,6,1,902
3994,37,6,1,919
3994,38,6,1,1151
3994,39,6,1,1049
3994,40,6,1,1120
3994,41,6,1,1044
3994,42,6,1,970
3994,43,6,1,1031
3994,44,6,1,1302
3994,45,6,1,861
3994,46,6,1,1050
3994,47,6,1,1077
3994,48,6,1,1113
